,sensor_id,lon,lat
0,232,-1.8799999999999972,55.02000000000001
1,339,-1.6531457664194664,54.95818210006549
2,340,-1.6349818333465427,54.95670480296464
3,341,-1.6532079927927696,54.95820924271635
4,342,-1.6346154571083262,54.95664078415225
5,343,-1.5997526307101972,54.94574783199853
6,344,-1.5976032156016937,54.931982670183494
7,345,-1.5997929425242923,54.94561766296139
8,346,-1.5940341003310101,54.92621943417604
9,347,-1.5941219878076889,54.92601304208969
10,348,-1.5919554543233156,54.92104991420199
11,349,-1.5864013968185866,54.91262445418879
12,350,-1.5803150603520357,54.89504862572439
13,351,-1.5866197067602135,54.91262969165206
14,352,-1.5801043906016272,54.89506138281666
15,353,-1.593006798760898,54.947500216128944
16,354,-1.5930237629341129,54.94736547905124
17,355,-1.5845527456758755,54.936957562475236
18,356,-1.584600261348767,54.93689032727643
19,357,-1.5841777897053932,54.955153002933294
20,358,-1.5840846080286528,54.95510326645246
21,359,-1.5667693925555555,54.95197013346186
22,360,-1.5665593948325744,54.951897488335504
23,361,-1.6156766033885661,54.95381482470476
24,362,-1.6160367154465474,54.95371262063879
25,363,-1.580297425556646,54.990104824702705
26,364,-1.5890684603357055,54.9898840326716
27,365,-1.6628509778747842,54.99740322421336
28,366,-1.6627876939413706,54.997492913498895
29,367,-1.6327238752771622,54.97232052275774
30,368,-1.6328248481313936,54.972383721777234
31,369,-1.650430293085454,54.975082142474605
32,370,-1.6505623777145808,54.9751634035649
33,371,-1.674565807743794,54.980256922243136
34,372,-1.6746042487334671,54.980333409009404
35,374,-1.5790661456430546,55.0011817561041
36,375,-1.5771333027954926,54.987304766319646
37,377,-1.5790480820805763,55.00141533589174
38,379,-1.5772042854219286,54.9872421086583
39,382,-1.5943015916947398,54.97546058820274
40,384,-1.5948228638845108,54.974905213378236
41,392,-1.5947690919327677,54.97481516675833
42,396,-1.6032745562237631,54.982018856622986
43,398,-1.603149200487786,54.982054392212895
44,404,-1.5950286753433105,54.97540015625441
45,408,-1.6189027700707774,55.00323152205429
46,410,-1.6188305900874544,55.003424499896234
47,412,-1.6208282608432698,55.012088946999015
48,413,-1.620701508838482,55.01226378360634
49,414,-1.6224455931934272,55.02302568108775
50,415,-1.6222031471477736,55.02302492970608
51,417,-1.6689808636264467,54.99141700327711
52,419,-1.6689567291706215,54.99150230950569
53,421,-1.6876045484442923,54.99730264991464
54,422,-1.6875959261918532,54.99740596464827
55,434,-1.5540254158295974,54.985945160463494
56,436,-1.5542834600827942,54.985928138396936
57,439,-1.3847852742600368,54.91498420690185
58,440,-1.383674973049609,54.91464609400609
59,441,-1.3884827824972186,54.92631225032661
60,443,-1.3879749813798745,54.92584240145934
61,445,-1.4211578711904178,54.89734660493073
62,447,-1.4448952340984658,54.89188118369535
63,449,-1.4001443338269022,54.90226386884274
64,451,-1.4212528820831971,54.89724823167955
65,453,-1.4000258750933685,54.9023666475196
66,455,-1.4463511672777232,54.892009005711586
67,457,-1.3963419298414577,54.89789131211268
68,459,-1.395213504184083,54.89828565673104
69,461,-1.4124604745839422,54.8890779471956
70,462,-1.411394304932651,54.88948157033609
71,463,-1.4338298886741812,54.875317547164
72,464,-1.433992425894331,54.87539468852101
73,465,-1.3712650177413201,54.887802427253256
74,466,-1.371429838841985,54.887726901452
75,467,-1.405830303652981,54.90533839822525
76,468,-1.4060722029693637,54.9053260870584
77,469,-1.4260624681089837,54.90226279382154
78,470,-1.4265157628913476,54.90218855152934
79,472,-1.432598314490882,54.98145981059509
80,474,-1.432624229149649,54.981284697307096
81,476,-1.437636510407027,54.975947613600745
82,478,-1.4376592566530435,54.975997144394604
83,1000,-1.619988089023344,55.008361530386075
84,1001,-1.6198856835455901,55.0084420875464
85,1137,-1.6349818333465427,54.95670480296464
86,1138,-1.6532079927927696,54.95820924271635
87,1139,-1.593006798760898,54.947500216128944
88,1140,-1.5930237629341129,54.94736547905124
89,1141,-1.5845527456758755,54.936957562475236
90,1142,-1.5665593948325744,54.951897488335504
91,1145,-1.674565807743794,54.980256922243136
92,1146,-1.5943015916947398,54.97546058820274
93,1147,-1.6032745562237631,54.982018856622986
94,1148,-1.603149200487786,54.982054392212895
95,1149,-1.619988089023344,55.008361530386075
96,1150,-1.6224455931934272,55.02302568108775
97,1151,-1.6222031471477736,55.02302492970608
98,1152,-1.5693203059668857,55.0003838101791
99,1154,-1.5694151042608484,55.00028978965276
100,1155,-1.3878011963922219,54.91360204660763
101,1156,-1.3854390496118048,54.91354068082836
102,1157,-1.3969424432071733,54.916195046035796
103,1159,-1.3968318122329542,54.916293347145796
104,1161,-1.4718771057650533,54.927489341004254
105,1163,-1.4816368751670226,54.92085875195564
106,1164,-1.4720498346212758,54.927404716739
107,1165,-1.4814562806728173,54.920947836291525
108,1168,-1.402721366784632,54.948143143881275
109,1169,-1.4030775003379972,54.94833362243235
110,1170,-1.4643236500087249,54.9786725537792
111,1171,-1.464128891198911,54.97863125173169
112,1172,-1.432598314490882,54.98145981059509
113,1173,-1.432624229149649,54.981284697307096
114,1174,-1.437636510407027,54.975947613600745
115,1175,-1.4376592566530435,54.975997144394604
116,1176,-1.6346154571083262,54.95664078415225
117,1178,-1.5667693925555555,54.95197013346186
118,1179,-1.650430293085454,54.975082142474605
119,1180,-1.6505623777145808,54.9751634035649
120,1181,-1.5771333030000032,54.987304766499996
121,1183,-1.5942475416080646,54.97539749892145
122,1186,-1.5542834600827942,54.985928138396936
123,1187,-1.3879749813798745,54.92584240145934
124,1192,-1.5803150604999971,54.895048625499996
125,1193,-1.580105315500001,54.89497152199999
126,1194,-1.584600261348767,54.93689032727643
127,1195,-1.6328248481313936,54.972383721777234
128,1196,-1.5772042855000012,54.987242109
129,1198,-1.3884827824972186,54.92631225032661
130,1202,-1.4211579220000017,54.897346603500004
131,1209,-1.6198856835455901,55.0084420875464
132,1210,-1.5790481329999968,55.00141533449999
133,1212,-1.4060722029693637,54.9053260870584
134,1213,-1.405830303652981,54.90533839822525
135,1250,-1.591955505000003,54.921049913
136,1251,-1.5866197070000008,54.91262969149999
137,1347,-1.674604299999997,54.9803334075
138,1435,-1.371429838841985,54.887726901452
139,1437,-1.6327239264999978,54.97232052149998
140,1624,-1.5997526305000005,54.94574783199999
141,1625,-1.597603266500004,54.931982669
142,1626,-1.5941220384999977,54.92601304099999
143,1627,-1.5997929935000013,54.945617661499995
144,1629,-1.6312914913347658,54.9796416681085
145,1630,-1.445591931867287,54.96879680198679
146,1631,-1.4977242391973316,54.95655008434275
147,1634,-1.6017515701526823,54.95992577088085
148,1635,-1.601827983554948,54.960096758953945
149,1636,-1.5385337964868937,54.9491516482838
150,1637,-1.5653170365395526,54.95498380954574
151,1638,-1.538356009855577,54.948998203406646
152,1639,-1.5656971612439368,54.95521429460693
153,1640,-1.5906586463162518,54.962040496376
154,1641,-1.591037966751551,54.96236530216078
155,1642,-1.631200724940067,54.9841075458572
156,1643,-1.6314612405153124,54.97985788788049
157,1644,-1.6312089341787324,54.98406713441645
158,1645,-1.6035875248107982,54.97011323659224
159,1646,-1.6035029021698672,54.96998265995989
160,1647,-1.4219945458160588,54.97911812699499
161,1648,-1.4218326630533495,54.97896458909929
162,1649,-1.4451858988814557,54.96879045817884
163,1650,-1.4228320355995965,54.93814965489048
164,1651,-1.4225776231337635,54.93794618436801
165,1652,-1.4886002001596828,54.94462537034575
166,1653,-1.488708330122533,54.9447201545988
167,1654,-1.4974205706538075,54.956476917578655
168,1656,-1.4373668597637295,54.98675671571934
169,1657,-1.5385337964868937,54.9491516482838
170,1658,-1.538356009999999,54.94899820349999
171,1726,-1.6197560000000033,55.00688599999999
172,73154,-1.624325292990308,54.9900789305132
173,73155,-1.5940340999999987,54.926219434
174,73156,-1.7193624893037076,54.965215262627304
175,73157,-1.7190305043207486,54.96573561600534
176,73158,-1.5841298119687997,54.98891323254821
177,73159,-1.584961032655021,54.98866016393792
178,73160,-1.6041482351448482,55.00277538081945
179,73161,-1.632344078656043,54.98815348209641
180,73162,-1.6288781204493215,54.97775469654189
181,73163,-1.6124631856964269,54.988455803347385
182,73164,-1.6124631856964269,54.988455803347385
183,73165,-1.6322321877688741,54.98841822113667
184,73166,-1.6205464204168052,54.99633944206988
185,73167,-1.6048536773746804,55.00257097074521
186,73168,-1.6118118338922522,54.98873679307825
187,73169,-1.6118118338922522,54.98873679307825
188,73170,-1.6196924392705696,54.99655692854045
189,73171,-1.606438326058078,55.0051687095786
190,73172,-1.6224034327978885,54.97086500630386
191,73173,-1.6286085798374108,54.97733153222604
192,73174,-1.6223142856505717,54.97121070192039
193,73175,-1.6058333830869942,55.0054857821205
194,73176,-1.5874403305895268,55.00851580467061
195,73177,-1.6007205316699233,55.00719454357919
196,73178,-1.6118313948539627,55.006983167305
197,73179,-1.587221496755475,55.008510584161584
198,73180,-1.6009550548565632,55.00719531679369
199,73181,-1.6118161056981926,55.006947169825544
200,73182,-1.687092935074916,54.96747643464601
201,73183,-1.640192675473275,54.96507227580006
202,73184,-1.6403705410175646,54.96526595510207
203,73185,-1.670322070908011,54.96601604432421
204,73186,-1.6874019059980931,54.9669065931711
205,73187,-1.6706332582389911,54.9661606955558
206,73188,-1.6140901606994869,54.97768645665823
207,73189,-1.6154398258240605,54.989399781104986
208,73190,-1.6154398258240605,54.989399781104986
209,73192,-1.6152744300107147,54.98953854266625
210,73193,-1.6152744300107147,54.98953854266625
211,73194,-1.6225675064652747,55.03418240043099
212,73195,-1.6220747025431488,55.034176378723735
213,73197,-1.4625933606370938,55.018691126507704
214,73198,-1.4965880870093478,55.00958258062454
215,73199,-1.5440123189488635,54.99934172333345
216,73200,-1.462733210749451,55.018759138619
217,73201,-1.4964644433726502,55.009465237940034
218,73202,-1.5430161133101319,54.99967515794198
219,73203,-1.3643528155167615,54.873649044884544
220,73204,-1.3644126210600813,54.87381111587062
221,73205,-1.3700076401308177,54.89742962254466
222,73206,-1.3801829666383967,54.909928392522595
223,73207,-1.383674973049609,54.91464609400609
224,73208,-1.3701448494869883,54.897628037474185
225,73209,-1.3802054063838465,54.90999140859034
226,73210,-1.3847274729734684,54.90036288865017
227,73211,-1.3847274729734684,54.90036288865017
228,73212,-1.3848384750219773,54.9002421319918
229,73213,-1.3848385255000015,54.900242131000006
230,73214,-1.547990360686607,54.90428719985269
231,73215,-1.5491520496904234,54.90429613094929
232,73217,-1.4300609402944484,54.9901826874835
233,73218,-1.4299984222073605,54.9901823949705
234,73239,-1.5878365796089544,55.02560480639228
235,73240,-1.5876441081282342,55.01992487723758
236,73241,-1.5843379940020974,55.04824244482554
237,73242,-1.5957608992442387,55.0221850903009
238,73243,-1.5846354434018928,55.04823897166834
239,73244,-1.595571826825716,55.0223237488397
240,73269,-1.6260346379404065,54.95825494026427
241,73270,-1.6113052096266267,55.0395786563364
242,79150,-1.5502889999999974,54.980095000000006
243,79150,-1.5502889999999974,54.980095000000006
244,79158,-1.7188330000000018,54.995352000000004
245,79158,-1.7188330000000018,54.995352000000004
246,79159,-1.590481000000004,55.00763399999999
247,79159,-1.590481000000004,55.00763399999999
248,79162,-1.5960499999999973,54.90278499999998
249,79162,-1.5960499999999973,54.90278499999998
250,79164,-1.6141269999999974,54.972662
251,79164,-1.6141269999999974,54.972662
252,79165,-1.6093270000000037,54.991308
253,79165,-1.6093270000000037,54.991308
254,79184,-1.5587510000000002,54.996487999999985
255,79184,-1.5587510000000002,54.996487999999985
256,79191,-1.6034100000000018,54.96564999999999
257,79191,-1.6034100000000018,54.96564999999999
258,79194,-1.7042980000000039,55.000747999999994
259,79194,-1.7042980000000039,55.000747999999994
260,79201,-1.4683630000000039,55.015286999999994
261,79201,-1.4683630000000039,55.015286999999994
262,79202,-1.6904130000000002,54.95733099999999
263,79202,-1.6904130000000002,54.95733099999999
264,79206,-1.5762090000000004,54.984303000000004
265,79206,-1.5762090000000004,54.984303000000004
266,79207,-1.583791000000004,54.99115900000001
267,79207,-1.583791000000004,54.99115900000001
268,79217,-1.4158044667730665,54.91772940222784
269,79218,-1.4163325732966419,54.91788914909054
270,79219,-1.4430569018428228,54.91428894409958
271,79220,-1.4445932254393312,54.91428678538616
272,79238,-1.628384949971171,54.95647826432129
273,79239,-1.6227860825750697,54.96671004682099
274,79240,-1.62262829142787,54.966880297115175
275,79241,-1.5817209926445004,55.01427480950758
276,79242,-1.581721043499997,55.014274808
277,79243,-1.581590318438579,55.014809045033694
278,79244,-1.5815903694999964,55.01480904399998
279,79247,-1.4760039345492608,54.87910035389137
280,79248,-1.4774513646167877,54.87928201566726
281,79506,-1.6265585140925556,54.95985612005319
282,79515,-1.7104840000000021,54.99143499999999
283,79515,-1.7104840000000021,54.99143499999999
284,79516,-1.637606000000004,54.969171999999986
285,79516,-1.637606000000004,54.969171999999986
286,79521,-1.6486050000000019,54.977836
287,79521,-1.6486050000000019,54.977836
288,79522,-1.6246210000000008,55.007406999999986
289,79522,-1.6246210000000008,55.007406999999986
290,79525,-1.6176760000000032,54.979118000000014
291,79525,-1.6176760000000032,54.979118000000014
292,79526,-1.4670973727975705,54.977494470467434
293,79527,-1.4674550598930223,54.977617378541474
294,79528,-1.4609665188545677,54.97142483295515
295,79529,-1.448184014380311,54.97751906961086
296,79530,-1.461404994729863,54.97134590018054
297,79531,-1.4478316497245847,54.977580378580946
298,79534,-1.944253999999997,55.15435399999999
299,79535,-1.807715999999997,54.829814999999996
300,79537,-1.5380649999999974,55.132825000000004
301,79538,-1.6704769999999978,54.86097299999999
302,79539,-1.489342999999996,54.894495000000006
303,79540,-1.969453,55.033951
304,79541,-1.5218770000000017,55.17499699999999
305,79543,-1.9028340000000004,54.76163100000001
306,79544,-1.3935659999999992,54.938987
307,79545,-1.6849699999999985,55.000299000000005
308,79546,-1.3402869999999978,54.76077599999999
309,79547,-1.3657200000000036,54.82381800000001
310,79564,-1.5850040000000019,54.912211
311,79564,-1.5850040000000019,54.912211
312,79565,-1.6230429999999991,54.970093
313,79670,-1.6143069999999993,55.033344
314,79682,-1.8818809999999957,55.019519999999986
315,79683,-1.5914709464179466,54.759898490847796
316,79684,-1.5914709464179466,54.759898490847796
317,79685,-1.582470670275114,54.76075726582625
318,79686,-1.5822765011187334,54.76075211330144
319,79687,-1.5933934408998918,54.76964190648107
320,79688,-1.5934207598207413,54.769242095705735
321,79689,-1.5831222928456725,54.7678049535667
322,79690,-1.5831226165765193,54.767773500535895
323,79691,-1.596168451042093,54.780547367676334
324,79692,-1.5959121683972326,54.78051955670871
325,79695,-1.5973886893780485,54.76956084141205
326,79696,-1.5973039162043772,54.76948866782194
327,79697,-1.5934138673544578,54.79776532822885
328,79698,-1.5936699004302821,54.79782459577413
329,79699,-1.59199983141419,54.78690930991774
330,79700,-1.5919287668306779,54.78701691304348
331,79701,-1.6071377670639533,54.795037885039044
332,79702,-1.5993945131776348,54.794921893797174
333,79703,-1.5907743285038296,54.81435910450784
334,79704,-1.5910778021518515,54.8143556327168
335,79705,-1.5887762837438866,54.78735682921368
336,79706,-1.5889243240251218,54.7873258779378
337,79707,-1.5827869720775303,54.78156699514414
338,79708,-1.582974141877316,54.781509224653696
339,79709,-1.576133757771013,54.777697716564546
340,79710,-1.5761182495325932,54.77769317059885
341,79711,-1.576133757771013,54.777697716564546
342,79712,-1.5684604971164864,54.77778749064771
343,79726,-1.5531853435000025,54.78477277100001
344,79727,-1.5533710345000036,54.78485433000001
345,79730,-1.5519993854999954,54.78031995550001
346,79731,-1.552264281999996,54.780271543
347,79732,-1.5246674114999956,54.79857939250002
348,79733,-1.5248766660000026,54.798643124499996
349,79736,-1.5288844909999977,54.762590225499984
350,79737,-1.5289385634999983,54.762617384999984
351,79738,-1.5601342039999981,54.7657692995
352,79739,-1.5600012674999968,54.7658452105
353,79740,-1.5712118484999988,54.76900839449999
354,79741,-1.5712985219999966,54.768896366
355,79742,-1.6122855915000007,54.758065509000005
356,79743,-1.6121149079999992,54.758037996499986
357,79744,-1.5906492400000034,54.79128579849999
358,79745,-1.5905015960000004,54.79127631399999
359,79748,-1.596372243,54.76707265
360,79749,-1.5963184684999971,54.767009565999984
361,79775,-1.6202828745000037,54.956066163500005
362,79776,-1.6057695789999975,54.96263475499999
363,79777,-1.6164772619999992,54.928044697000004
364,79778,-1.6178771119999997,54.957923538
365,79779,-1.6059033800000007,54.962527353
366,79780,-1.6163118849999984,54.92820592899998
367,79781,-1.6050825605000023,54.96899030750001
368,79782,-1.4452808134999982,55.0237804745
369,79783,-1.445148422999997,55.023739431
370,79784,-1.532306000999997,54.98996698749999
371,79785,-1.6054582800000012,54.96890615899999
372,79786,-1.5234874309999953,54.99028300249999
373,79787,-1.471373131499997,54.99569780849999
374,79788,-1.5001780439999985,55.04306476249998
375,79789,-1.5005685314999975,55.04312477649997
376,79790,-1.532360854999997,54.98995371899999
377,79791,-1.4574011089999983,55.026288656999995
378,79792,-1.457304952,55.02645896650001
379,79793,-1.4509547295,55.0166804235
380,79794,-1.4987801969999976,54.9970719435
381,79795,-1.5230875624999978,54.990398275000004
382,79796,-1.4715357675,54.99581084
383,79797,-1.5083488134999965,55.028230367999996
384,79798,-1.5049815274999996,55.001253522499994
385,79799,-1.5259853344999978,54.99250790149998
386,79800,-1.5049497175000006,55.001298324000004
387,79801,-1.5049137689999987,55.034048548499996
388,79802,-1.504930397999995,55.03396773999997
389,79803,-1.5084257649999986,55.02833401899998
390,79804,-1.535736039500003,54.990676546
391,79805,-1.4508444574999977,55.016738337999996
392,79806,-1.498889333499998,54.997094861499995
393,79807,-1.5110209655000035,54.995009790999994
394,79808,-1.5359237295000032,54.99066378049999
395,79809,-1.5111069750000001,54.995005642
396,79810,-1.591204533499996,55.012783557
397,79811,-1.5912588499999991,55.01282417649999
398,79812,-1.5258913970000012,54.99252101399999
399,79813,-1.4114650630000016,54.97186534499999
400,79814,-1.4172652475000014,54.97154730749999
401,79815,-1.4115270855000042,54.971897096000006
402,79816,-1.4170079034999987,54.97151911799998
403,79817,-1.4514315165000016,54.95014742449999
404,79818,-1.4508219869999965,54.95019409999999
405,79819,-1.6011918169999955,54.97069399149999
406,79820,-1.6015049649999962,54.970618628499984
407,79821,-1.6096999999999957,54.967499999999994
408,79822,-1.6096999999999957,54.967499999999994
409,79829,-1.6016799999999962,54.96980000000001
410,79830,-1.6016799999999962,54.96980000000001
411,79883,-1.6104999999999992,54.97209999999999
412,79884,-1.6104999999999992,54.97209999999999
413,79940,-1.6205870000000013,55.113789000000004
414,79941,-1.7276170000000008,55.16619399999998
415,79943,-1.8712109999999977,55.177213
416,79944,-1.8732129999999965,55.04062799999999
417,79945,-1.741713000000001,55.049406999999995
418,79946,-1.9175830000000005,55.15164299999998
419,79947,-1.6944999999999992,55.167633999999964
420,79948,-1.7612940000000001,55.162490000000005
421,79949,-1.494986000000001,55.128609999999995
422,79950,-1.9406330000000012,54.94992
423,79951,-1.937552000000002,54.851887
424,79952,-1.7392199999999975,54.91725899999999
425,79953,-1.6044469999999964,55.00186099999999
426,79954,-1.612264999999998,54.92055999999999
427,79955,-1.6980850000000003,55.023247000000005
428,79956,-1.9593659999999975,54.95217399999998
429,79957,-1.700147000000003,54.887181999999996
430,79958,-1.8123129999999998,54.90596399999999
431,79959,-1.6371629999999986,54.955468
432,79960,-1.6143779999999963,55.017771
433,79961,-1.9646660000000031,54.85455799999999
434,79962,-1.5607160000000022,54.854785000000014
435,79963,-1.4870580000000015,54.842381999999986
436,79964,-1.572569999999998,54.77657300000001
437,79965,-1.7446709999999963,54.824989999999985
438,79966,-1.4551739999999993,54.81873500000001
439,79967,-1.439779999999996,55.007439999999995
440,79968,-1.4397690000000027,55.00741499999998
441,79969,-1.4396580000000032,55.00753099999999
442,79970,-1.9127689999999988,54.94058400000001
443,79971,-1.5731986439999956,54.772956032500005
444,79972,-1.5705408434999966,54.772897183999994
445,79973,-1.606767237500001,54.96762986099999
446,79974,-1.606868676499996,54.96763917500001
447,79975,-1.5800008839999988,54.97677367499998
448,79976,-1.6010932999999998,54.95857561849999
449,79977,-1.5742756549999977,54.979683464999994
450,79978,-1.5721715779999963,54.979918706999996
451,79979,-1.574362059999998,54.979638836
452,79980,-1.5723202914999956,54.97989227099999
453,79981,-1.580125738999999,54.97678758499999
454,79982,-1.6010775425000014,54.95858905199998
455,79993,-1.4402108429198945,54.98402914280611
456,79994,-1.4329266005978667,54.9919933044814
457,79995,-1.4328566630266244,54.99196602163746
458,79996,-1.4404062198962087,54.98402554668782
459,79999,-1.5389593526307945,54.95678279318274
460,80000,-1.539579004898627,54.95654251531371
461,80015,-1.4939434003927718,55.01934687655098
462,80016,-1.4514956835124453,55.009669068043586
463,80017,-1.4938178982720254,55.01937780869354
464,80018,-1.5152750618592066,54.94934035450279
465,80019,-1.488704490024982,54.959425691003624
466,80020,-1.4881821476335855,54.9593606068019
467,80021,-1.5158425968833231,54.95681467988401
468,80022,-1.497650126772623,55.024398860134006
469,80023,-1.4518559562680178,55.00962125955484
470,80024,-1.5149492605087733,54.94916830665184
471,80025,-1.497674205971386,55.024349534730995
472,80026,-1.5159289528834314,54.95677459414584
473,80068,-1.5756226850058168,54.9830759893366
474,80069,-1.5780094051904463,54.98943307030644
475,80070,-1.5755522281825407,54.983089223228106
476,80071,-1.5780881557180093,54.98937493245999
477,80072,-1.6012431655118715,54.96394546032266
478,80073,-1.48933441425209,55.04422393362092
479,80074,-1.546678117485223,55.024541293556595
480,80075,-1.5467159788382707,55.02464927492182
481,80076,-1.4286689282932996,54.99301583468149
482,80077,-1.42880235036065,54.99297602188618
483,80078,-1.4655001066833535,54.965976938654684
484,80079,-1.439257403723024,54.95603686670012
485,80080,-1.4392801383586387,54.95608639654688
486,80081,-1.6011943278559473,54.964147487340135
487,80082,-1.6019846469687284,54.960807172253695
488,80083,-1.588010828026799,54.96050869016809
489,80084,-1.5876464394484924,54.960255820077776
490,80085,-1.6820259634143424,54.94953111514247
491,80086,-1.5360221592798906,55.02210701970728
492,80087,-1.425664221504835,54.98890840830721
493,80088,-1.4256472445754622,54.98900268542598
494,80089,-1.4394514787321446,54.9683699301478
495,80090,-1.437119736534446,54.9686508035858
496,80091,-1.6020923634314121,54.96096927764633
497,80092,-1.6817687930473115,54.949481001827124
498,80093,-1.5359297214109187,55.02198535349337
499,80094,-1.4895356791892929,55.04439551348394
500,80095,-1.4656165832172885,54.96602686135315
501,80102,-1.5727258848239614,55.04238694001184
502,80103,-1.5913422003080708,55.03540261053949
503,80104,-1.3665187534562795,54.94223615563367
504,80105,-1.5975114631986669,55.03961514348613
505,80106,-1.5856022791220175,55.052411797745016
506,80107,-1.591624149463069,55.03537210386269
507,80108,-1.6051495758569974,54.96614187953561
508,80109,-1.6078095425583443,55.03942331448535
509,80110,-1.5727349523187262,55.04226565226653
510,80111,-1.6075016770300008,55.039709929782006
511,80112,-1.3664561768250234,54.942244816132806
512,80113,-1.5851561604508653,55.05241477489399
513,80114,-1.4187515819211698,54.97473100673198
514,80115,-1.5440123699469768,54.99934172191297
515,80116,-1.5849610836203458,54.988660162477885
516,80117,-1.4186723400934798,54.97481150090052
517,80121,-1.6257029999999977,54.973378999999994
518,80122,-1.6160850000000042,54.98156499999999
519,80127,-1.580057628270288,55.01105205296735
520,80128,-1.583482175242156,55.01632973663421
521,80129,-1.5832864593620193,55.016351533412355
522,80130,-1.5802065454373255,55.0110166218525
523,80131,-1.6199480000000004,55.00701399999998
524,80132,-1.6193680000000017,55.001221
525,80133,-1.6202480000000008,55.00395999999999
526,80135,-1.6163859999999972,54.995027999999984
527,80136,-1.6160850000000042,54.98156499999999
528,80137,-1.6176760000000032,54.979118000000014
529,80137,-1.6176760000000032,54.979118000000014
530,80137,-1.6176760000000032,54.979118000000014
531,80138,-1.6176760000000032,54.979118000000014
532,80138,-1.6176760000000032,54.979118000000014
533,80138,-1.6176760000000032,54.979118000000014
534,80139,-1.6176760000000032,54.979118000000014
535,80139,-1.6176760000000032,54.979118000000014
536,80139,-1.6176760000000032,54.979118000000014
537,80140,-1.6176760000000032,54.979118000000014
538,80140,-1.6176760000000032,54.979118000000014
539,80140,-1.6176760000000032,54.979118000000014
540,80141,-1.6176760000000032,54.979118000000014
541,80141,-1.6176760000000032,54.979118000000014
542,80141,-1.6176760000000032,54.979118000000014
543,80142,-1.6176760000000032,54.979118000000014
544,80142,-1.6176760000000032,54.979118000000014
545,80142,-1.6176760000000032,54.979118000000014
546,80144,-1.6176760000000032,54.979118000000014
547,80144,-1.6176760000000032,54.979118000000014
548,80144,-1.6176760000000032,54.979118000000014
549,80145,-1.571964990029524,55.01036327804599
550,80146,-1.5718324245427722,55.010331362591316
551,80147,-1.6887631787804525,54.968648875953846
552,80148,-1.674323430283515,54.96660232643126
553,80149,-1.6741839853570661,54.9664626637118
554,80150,-1.6602012050346104,54.9650004946436
555,80151,-1.6887302763875751,54.96886446671273
556,80152,-1.6600209893045972,54.96507188001684
557,80153,-1.6454357345846473,54.96389757013925
558,80154,-1.6292184880642737,54.96445618676059
559,80155,-1.6291230637416387,54.9646401041443
560,80156,-1.645536380153857,54.96399671837994
561,80157,-1.6915849325784313,54.96833711733715
562,80158,-1.6917420872070443,54.968211707824544
563,80159,-1.6176760000000032,54.979118000000014
564,80159,-1.6176760000000032,54.979118000000014
565,80159,-1.6176760000000032,54.979118000000014
566,80160,-1.5806298696776735,54.97714884113586
567,80161,-1.597546314674508,54.932216125295426
568,80162,-1.5918912895158224,54.92122942333146
569,80163,-1.5810676011205123,54.97712339916606
570,80167,-1.4803200000000023,55.02450000000001
571,80168,-1.616790000000002,54.980399999999996
572,80169,-1.4803200000000023,55.02450000000001
573,80170,-1.586659999999996,54.990300000000005
574,80171,-1.5762699999999972,54.99099999999999
575,80172,-1.436669999999997,54.9836
576,80173,-1.5969000000000038,54.985099999999996
577,80174,-1.604399999999999,55.0012
578,80175,-1.6175899999999965,54.979000000000006
579,80176,-1.6059999999999965,54.986699999999985
580,80177,-1.616790000000002,54.980399999999996
581,80178,-1.583689999999996,54.9914
582,80179,-1.5786599999999975,54.97739999999998
583,80180,-1.440389999999997,54.989299999999986
584,80181,-1.5902399999999968,54.9792
585,80182,-1.5786599999999975,54.97739999999998
586,80183,-1.6802500000000007,54.96259999999998
587,80184,-1.5804900000000004,54.980399999999996
588,80185,-1.4209399999999985,54.9471
589,80186,-1.6095599999999963,54.9914
590,80187,-1.5970799999999967,54.985299999999995
591,80188,-1.6545300000000005,54.96980000000001
592,80189,-1.5664000000000025,54.99479999999998
593,80190,-1.5902399999999968,54.9792
594,80191,-1.5774599999999972,54.9777
595,80192,-1.4803200000000023,55.02450000000001
596,80194,-1.6594600000000022,54.95479999999998
597,80195,-1.599789999999999,54.98420000000001
598,80196,-1.58078,54.97720000000001
599,80197,-1.6583900000000003,54.983499999999985
600,80198,-1.5969000000000038,54.985099999999996
601,80199,-1.4005899999999998,54.97039999999999
602,80200,-1.4053600000000002,54.88759999999999
603,80201,-1.5800600000000014,54.976999999999975
604,80202,-1.604399999999999,55.0012
605,80203,-1.583689999999996,54.9914
606,80204,-1.583689999999996,54.9914
607,80205,-1.5837299999999985,54.99099999999999
608,80206,-1.3637700000000026,54.944999999999986
609,80207,-1.5833700000000037,54.99099999999999
610,80208,-1.4864100000000018,54.985099999999996
611,80209,-1.586659999999996,54.990300000000005
612,80210,-1.5850799999999992,54.976499999999994
613,80211,-1.436669999999997,54.9836
614,80212,-1.5969000000000038,54.985099999999996
615,80213,-1.5902399999999968,54.9792
616,80214,-1.4803200000000023,55.02450000000001
617,80215,-1.624469999999999,54.98760000000001
618,80216,-1.4053600000000002,54.88759999999999
619,80217,-1.4005899999999998,54.97039999999999
620,80218,-1.3637700000000026,54.944999999999986
621,80219,-1.3637700000000026,54.944999999999986
622,80220,-1.5837299999999985,54.99099999999999
623,80221,-1.4747599999999987,54.9699
624,80222,-1.624469999999999,54.98760000000001
625,80223,-1.5851400000000029,54.9766
626,80224,-1.5814899999999978,54.976999999999975
627,80226,-1.5851400000000029,54.9766
628,80227,-1.5791199999999985,54.9845
629,80228,-1.4104999999999965,54.993300000000005
630,80229,-1.5866500000000041,54.980399999999996
631,80230,-1.6107399999999956,54.97689999999999
632,80231,-1.6802500000000007,54.96259999999998
633,80232,-1.4209399999999985,54.9471
634,80233,-1.4747599999999987,54.9699
635,80234,-1.5834099999999973,54.9909
636,80235,-1.3918600000000023,54.9038
637,80236,-1.6095599999999963,54.9914
638,80237,-1.5970799999999967,54.985299999999995
639,80238,-1.5774799999999982,54.9776
640,80239,-1.6175899999999965,54.979000000000006
641,80240,-1.6545300000000005,54.96980000000001
642,80241,-1.5664000000000025,54.99479999999998
643,80242,-1.624469999999999,54.98760000000001
644,80243,-1.6549299999999978,54.987799999999986
645,80244,-1.440389999999997,54.989299999999986
646,80245,-1.5664000000000025,54.99479999999998
647,80246,-1.5903500000000033,54.78879999999999
648,80247,-1.6542999999999957,54.969699999999996
649,80248,-1.5774799999999982,54.9776
650,80249,-1.6107399999999956,54.97689999999999
651,80250,-1.616790000000002,54.980399999999996
652,80251,-1.6175899999999965,54.979000000000006
653,80252,-1.578369999999998,54.9775
654,80253,-1.6046999999999991,54.96469999999999
655,80254,-1.4864100000000018,54.985099999999996
656,80255,-1.5853099999999951,54.979000000000006
657,80256,-1.624469999999999,54.98760000000001
658,80257,-1.347700000000002,54.760400000000004
659,80258,-1.6594600000000022,54.95479999999998
660,80259,-1.5790400000000024,54.984
661,80261,-1.5902399999999968,54.9792
662,80262,-1.5670200000000039,54.995199999999976
663,80263,-1.5814899999999978,54.976999999999975
664,80264,-1.4803200000000023,55.02450000000001
665,80265,-1.5866500000000041,54.980399999999996
666,80266,-1.5804900000000004,54.980399999999996
667,80267,-1.4534799999999974,55.022400000000005
668,80268,-1.5833700000000037,54.99099999999999
669,80269,-1.5837299999999985,54.99099999999999
670,80270,-1.5850799999999992,54.976499999999994
671,80271,-1.4104999999999965,54.993300000000005
672,80273,-1.5800600000000014,54.976999999999975
673,80274,-1.6542999999999957,54.969699999999996
674,80275,-1.5762699999999972,54.99099999999999
675,80276,-1.5670200000000039,54.995199999999976
676,80277,-1.5791199999999985,54.9845
677,80278,-1.461929999999996,55.029499999999985
678,80279,-1.6059999999999965,54.986699999999985
679,80280,-1.3637700000000026,54.944999999999986
680,80281,-1.5834099999999973,54.9909
681,80282,-1.578189999999996,54.99099999999999
682,80283,-1.4803200000000023,55.02450000000001
683,80284,-1.5774599999999972,54.9777
684,80285,-1.6250199999999961,54.942
685,80286,-1.3918600000000023,54.9038
686,80287,-1.5833700000000037,54.99099999999999
687,80288,-1.659590000000001,54.9707
688,80289,-1.5979500000000044,54.9849
689,80290,-1.6250199999999961,54.942
690,80291,-1.5853099999999951,54.979000000000006
691,80292,-1.578369999999998,54.9775
692,80293,-1.599789999999999,54.98420000000001
693,80294,-1.6583900000000003,54.983499999999985
694,80295,-1.6595499999999985,54.97079999999999
695,80296,-1.5979500000000044,54.9849
696,80297,-1.659590000000001,54.9707
697,80298,-1.500070000000001,54.9816
698,80299,-1.6046999999999991,54.96469999999999
699,80300,-1.347700000000002,54.760400000000004
700,80301,-1.4803200000000023,55.02450000000001
701,80303,-1.58078,54.97720000000001
702,80304,-1.461929999999996,55.029499999999985
703,80306,-1.5971900000000034,54.79309999999999
704,80307,-1.578189999999996,54.99099999999999
705,80308,-1.6549299999999978,54.987799999999986
706,80309,-1.616790000000002,54.980399999999996
707,80311,-1.6595499999999985,54.97079999999999
708,80312,-1.6175899999999965,54.979000000000006
709,80313,-1.6621200000000012,54.9564
710,80314,-1.6297999999999975,55.013999999999996
711,80315,-1.5837299999999985,54.99099999999999
712,80316,-1.5664000000000025,54.99479999999998
713,80317,-1.4534799999999974,55.022400000000005
714,80318,-1.5790400000000024,54.984
715,80319,-1.6297999999999975,55.013999999999996
716,80320,-1.5969000000000038,54.985099999999996
717,80321,-1.583689999999996,54.9914
718,80322,-1.6621200000000012,54.9564
719,80323,-1.500070000000001,54.9816
720,80332,-1.5329700000000037,54.93869999999998
721,80333,-1.5970799999999967,54.985299999999995
722,80334,-1.5971900000000034,54.79309999999999
723,80335,-1.5329700000000037,54.93869999999998
724,80336,-1.4803200000000023,55.02450000000001
725,80337,-1.5979500000000044,54.9849
726,80338,-1.5970799999999967,54.985299999999995
727,80339,-1.5979500000000044,54.9849
728,80340,-1.4173399999999965,54.94739999999999
729,80343,-1.4173399999999965,54.94739999999999
730,80351,-1.5833700000000037,54.99099999999999
731,80356,-1.599789999999999,54.98420000000001
732,80360,-1.583470000000001,54.9914
733,80361,-1.599789999999999,54.98420000000001
734,80370,-1.589005999999996,54.971454999999985
735,80371,-1.6108510000000043,54.969502
736,80372,-1.589005999999996,54.971454999999985
737,80373,-1.6108510000000043,54.969502
738,80376,-1.604089999999998,54.976099999999974
739,80377,-1.623428000000004,54.97355700000001
740,80378,-1.604089999999998,54.976099999999974
741,80379,-1.623428000000004,54.97355700000001
742,80380,-1.612660000000004,54.97909999999999
743,80381,-1.612660000000004,54.97909999999999
744,80382,-1.5829200000000034,54.99129999999998
745,80383,-1.5980199999999998,54.984799999999986
746,80384,-1.5980199999999998,54.984799999999986
747,80385,-1.5980199999999998,54.984799999999986
748,80386,-1.5980199999999998,54.984799999999986
749,80388,-1.6669936968221104,54.9604856849439
750,80389,-1.6666746881251433,54.96034553435977
751,80390,-1.583470000000001,54.9914
752,80394,-1.583470000000001,54.9914
753,80395,-1.583470000000001,54.9914
754,80396,-1.6815699999999996,54.9625
755,80397,-1.6815699999999996,54.9625
756,80398,-1.6815699999999996,54.9625
757,80399,-1.6815699999999996,54.9625
758,80400,-1.3943399999999992,54.93479999999999
759,80401,-1.3943399999999992,54.93479999999999
760,80402,-1.5837299999999985,54.9914
761,80403,-1.5837299999999985,54.9914
